id,Title,Content,Excerpt
1249,Water Leak Repair,"<!-- wp:paragraph -->
<p>When an unexpected plumbing leak threatens your property, professional <strong>water leak repair</strong> is your first line of defense. In the humid climate of the Greater Tampa Bay area, even a minor leak can rapidly escalate into severe water damage, structural deterioration, and hazardous mold growth. Serving Hillsborough, Pinellas, and Pasco counties, Hot Water Heroes Plumbing provides immediate, premium leak repair services to secure your home and restore your peace of mind.</p>
<!-- /wp:paragraph -->

<!-- wp:separator -->
<hr class=""wp-block-separator has-alpha-channel-opacity""/>
<!-- /wp:separator -->

<!-- wp:heading -->
<h2 class=""wp-block-heading""><strong>How to Spot a Hidden Water Leak</strong></h2>
<!-- /wp:heading -->

<!-- wp:paragraph -->
<p>Many leaks are silent and hidden behind drywall, beneath flooring, or under your home’s concrete foundation. Recognizing the warning signs early can save you thousands of dollars in restoration costs. Watch for these common indicators of a plumbing leak:</p>
<!-- /wp:paragraph -->

<!-- wp:list -->
<ul class=""wp-block-list"">
<!-- wp:list-item -->
<li>An unexplained, sudden spike in your monthly water bill.</li>
<!-- /wp:list-item -->
<!-- wp:list-item -->
<li>Damp spots, discolored patches, or warm areas on walls, ceilings, and floors.</li>
<!-- /wp:list-item -->
<!-- wp:list-item -->
<li>A persistent, musty odor that suggests mold or mildew growth.</li>
<!-- /wp:list-item -->
<!-- wp:list-item -->
<li>The faint sound of rushing or dripping water when all fixtures are turned off.</li>
<!-- /wp:list-item -->
<!-- wp:list-item -->
<li>Unusually low water pressure or soft, spongy spots in your yard.</li>
<!-- /wp:list-item -->
</ul>
<!-- /wp:list -->

<!-- wp:separator -->
<hr class=""wp-block-separator has-alpha-channel-opacity""/>
<!-- /wp:separator -->

<!-- wp:heading -->
<h2 class=""wp-block-heading""><strong>Our Advanced Non-Invasive Leak Detection &amp; Repair</strong></h2>
<!-- /wp:heading -->

<!-- wp:paragraph -->
<p>We believe in finding leaks without tearing your home apart. Our highly trained, licensed plumbers use state-of-the-art diagnostic technology—including thermal imaging cameras, acoustic listening devices, and digital pressure testing—to pinpoint the exact source of the leak with surgical precision. Once located, we present you with clear, upfront repair options and flat-rate pricing, ensuring there are absolutely no surprises before we begin work.</p>
<!-- /wp:paragraph -->

<!-- wp:separator -->
<hr class=""wp-block-separator has-alpha-channel-opacity""/>
<!-- /wp:separator -->

<!-- wp:heading -->
<h2 class=""wp-block-heading""><strong>The Ultimate Recovery: Stopping Leaks, Restoring Homes</strong></h2>
<!-- /wp:heading -->

<!-- wp:paragraph -->
<p>At Hot Water Heroes, we go beyond standard plumbing repairs. When a severe leak has caused water damage or compromised structural components, you don’t have to deal with multiple uncoordinated contractors. We operate as a unified family of home service experts to handle your entire recovery from start to finish:</p>
<!-- /wp:paragraph -->

<!-- wp:list -->
<ul class=""wp-block-list"">
<!-- wp:list-item -->
<li><strong>Hot Water Heroes Plumbing:</strong> We respond immediately to locate and permanently repair the leaking pipe, valve, or fixture.</li>
<!-- /wp:list-item -->
<!-- wp:list-item -->
<li><strong>RestoWrx:</strong> If water has saturated your drywall, cabinets, or flooring, our trusted sister company RestoWrx steps in for rapid extraction, complete drying, and professional mold remediation.</li>
<!-- /wp:list-item -->
<!-- wp:list-item -->
<li><strong>Spicola Construction:</strong> Finally, our general contracting partner Spicola Construction rebuilds and remodels the affected areas, leaving your home stronger and more beautiful than it was before the leak.</li>
<!-- /wp:list-item -->
</ul>
<!-- /wp:list -->

<!-- wp:separator -->
<hr class=""wp-block-separator has-alpha-channel-opacity""/>
<!-- /wp:separator -->

<!-- wp:heading -->
<h2 class=""wp-block-heading""><strong>Why Choose Tampa Bay's Trusted Plumbing Heroes?</strong></h2>
<!-- /wp:heading -->

<!-- wp:paragraph -->
<p>Hot Water Heroes Plumbing holds a flawless 5.0-star Google Rating with over 30 verified customer reviews because we prioritize honesty, punctuality, and craftsmanship. We are 100% licensed and insured, offering 24/7 emergency dispatch across Tampa, Brandon, St. Petersburg, Clearwater, Wesley Chapel, and surrounding areas. In most cases, we dispatch a professional plumber to your door within 60 minutes. Contact us today for a free upfront estimate and experience the premium difference.</p>
<!-- /wp:paragraph -->",
1258,Pipe Repair,"<!-- wp:paragraph -->
<p>When damaged, corroded, or burst pipes disrupt your household, professional <strong>pipe repair</strong> is vital to protect your property and restore your plumbing system’s integrity. Over time, pipes can degrade due to hard water, pressure imbalances, or material failures (such as legacy polybutylene or galvanized steel lines). Hot Water Heroes Plumbing provides high-end, durable pipe repair and whole-home repiping solutions across the Greater Tampa Bay area.</p>
<!-- /wp:paragraph -->

<!-- wp:separator -->
<hr class=""wp-block-separator has-alpha-channel-opacity""/>
<!-- /wp:separator -->

<!-- wp:heading -->
<h2 class=""wp-block-heading""><strong>Common Pipe Problems in Tampa Bay Homes</strong></h2>
<!-- /wp:heading -->

<!-- wp:paragraph -->
<p>Plumbing lines are under constant pressure, and minor weaknesses can quickly grow into major emergencies. Tampa homeowners frequently encounter these pipe issues:</p>
<!-- /wp:paragraph -->

<!-- wp:list -->
<ul class=""wp-block-list"">
<!-- wp:list-item -->
<li><strong>Pinhole Leaks:</strong> Tiny, corrosive leaks in copper pipes that slowly drip behind drywall or under floorboards, causing hidden wood rot and mold.</li>
<!-- /wp:list-item -->
<!-- wp:list-item -->
<li><strong>Burst Pipes:</strong> Catastrophic failures caused by pressure surges or material fatigue, releasing massive volumes of water in minutes.</li>
<!-- /wp:list-item -->
<!-- wp:list-item -->
<li><strong>Slab Leaks:</strong> Broken lines buried beneath your home’s concrete foundation slab, which can compromise structural stability.</li>
<!-- /wp:list-item -->
<!-- wp:list-item -->
<li><strong>Legacy Pipe Failures:</strong> Outdated galvanized steel or brittle polybutylene pipes that are highly prone to corrosion, scale buildup, and structural cracking.</li>
<!-- /wp:list-item -->
</ul>
<!-- /wp:list -->

<!-- wp:separator -->
<hr class=""wp-block-separator has-alpha-channel-opacity""/>
<!-- /wp:separator -->

<!-- wp:heading -->
<h2 class=""wp-block-heading""><strong>Professional Pipe Repair &amp; Repiping Solutions</strong></h2>
<!-- /wp:heading -->

<!-- wp:paragraph -->
<p>Our licensed and insured plumbing specialists perform detailed diagnostics using pipe camera inspections and pressure testing to determine the most cost-effective solution. Whether you need a localized repair or a complete whole-home repiping, we use only premium, industry-certified materials like high-grade copper and flexible, corrosion-resistant PEX piping. Every job is backed by our upfront, flat-rate pricing and our strict ""honesty first"" policy—we never recommend a replacement when a simple, reliable repair is the best choice.</p>
<!-- /wp:paragraph -->

<!-- wp:separator -->
<hr class=""wp-block-separator has-alpha-channel-opacity""/>
<!-- /wp:separator -->

<!-- wp:heading -->
<h2 class=""wp-block-heading""><strong>Full Restoration Services from Our Family of Companies</strong></h2>
<!-- /wp:heading -->

<!-- wp:paragraph -->
<p>Repairing or replacing pipes often requires accessing tight spaces behind walls or under concrete. Hot Water Heroes makes this process completely stress-free. By coordinating directly with our sister companies, we handle the entire process:</p>
<!-- /wp:paragraph -->

<!-- wp:list -->
<ul class=""wp-block-list"">
<!-- wp:list-item -->
<li><strong>Hot Water Heroes:</strong> We perform the surgical pipe repair or complete PEX repiping with minimal disruption to your daily life.</li>
<!-- /wp:list-item -->
<!-- wp:list-item -->
<li><strong>RestoWrx:</strong> If the leaking pipe saturated drywall, ceilings, or insulation, RestoWrx steps in immediately to extract moisture, thoroughly dry the space, and perform certified mold remediation.</li>
<!-- /wp:list-item -->
<!-- wp:list-item -->
<li><strong>Spicola Construction:</strong> Spicola Construction’s master craftsmen professionally repair the drywall, lay new flooring, and rebuild the accessed areas to a pristine finish.</li>
<!-- /wp:list-item -->
</ul>
<!-- /wp:list -->

<!-- wp:separator -->
<hr class=""wp-block-separator has-alpha-channel-opacity""/>
<!-- /wp:separator -->

<!-- wp:heading -->
<h2 class=""wp-block-heading""><strong>Why Choose Hot Water Heroes Plumbing?</strong></h2>
<!-- /wp:heading -->

<!-- wp:paragraph -->
<p>Tampa Bay homeowners trust Hot Water Heroes Plumbing because we combine elite craftsmanship with unmatched customer care. We hold a perfect 5.0-star Google Rating and are fully licensed and insured in Hillsborough, Pinellas, and Pasco counties. We offer free upfront estimates on repipes and major pipe repairs, and our 24/7 dispatch team ensures a licensed plumber is sent to your home within 60 minutes in most emergency situations. Contact us today to secure your home’s plumbing.</p>
<!-- /wp:paragraph -->",
1326,Drain Cleaning,"<!-- wp:paragraph -->
<p>When drains slow down or stop completely, it disrupts your entire home’s routine and poses a sanitation risk. Professional <strong>drain cleaning</strong> from Hot Water Heroes Plumbing clears stubborn blockages, restores optimal flow, and keeps your sewer system operating smoothly. Serving Tampa, St. Petersburg, Clearwater, and the surrounding areas, we use high-power technology to tackle everything from kitchen grease clogs to deep sewer root intrusions.</p>
<!-- /wp:paragraph -->

<!-- wp:separator -->
<hr class=""wp-block-separator has-alpha-channel-opacity""/>
<!-- /wp:separator -->

<!-- wp:heading -->
<h2 class=""wp-block-heading""><strong>Common Drain Problems in Tampa Bay Homes</strong></h2>
<!-- /wp:heading -->

<!-- wp:paragraph -->
<p>Drain clogs rarely resolve themselves and chemical store-bought drain cleaners often corrode your pipes. It is best to call a professional if you experience:</p>
<!-- /wp:paragraph -->

<!-- wp:list -->
<ul class=""wp-block-list"">
<!-- wp:list-item -->
<li><strong>Slow Drains:</strong> Pools of water remaining in your sink, shower, or tub long after you turn off the faucet.</li>
<!-- /wp:list-item -->
<!-- wp:list-item -->
<li><strong>Frequent Clogs:</strong> Recurring blockages in toilets or kitchen sinks that suggest a deeper issue in the main line.</li>
<!-- /wp:list-item -->
<!-- wp:list-item -->
<li><strong>Gurgling Sounds:</strong> Strange noises coming from your toilet or drains, indicating trapped air and plumbing blockages.</li>
<!-- /wp:list-item -->
<!-- wp:list-item -->
<li><strong>Foul Odors:</strong> Strong sewer smells rising from your drains, signaling accumulated organic waste or venting failures.</li>
<!-- /wp:list-item -->
</ul>
<!-- /wp:list -->

<!-- wp:separator -->
<hr class=""wp-block-separator has-alpha-channel-opacity""/>
<!-- /wp:separator -->

<!-- wp:heading -->
<h2 class=""wp-block-heading""><strong>How Professional Drain Cleaning Works</strong></h2>
<!-- /wp:heading -->

<!-- wp:paragraph -->
<p>We don’t believe in temporary band-aid solutions. Our drain cleaning process begins with high-resolution sewer camera inspections to locate the exact cause and depth of the clog. We then use state-of-the-art tools to resolve it:</p>
<!-- /wp:paragraph -->

<!-- wp:list -->
<ul class=""wp-block-list"">
<!-- wp:list-item -->
<li><strong>Professional Snaking &amp; Cabling:</strong> Using heavy-duty mechanical augers to break up hair clogs, paper blockages, and solid obstructions in secondary drains.</li>
<!-- /wp:list-item -->
<!-- wp:list-item -->
<li><strong>High-Pressure Hydro-Jetting:</strong> Using blast streams of highly pressurized water to scrub the interior walls of your sewer line, completely stripping away accumulated grease, scale, soap scum, and tree roots.</li>
<!-- /wp:list-item -->
</ul>
<!-- /wp:list -->

<!-- wp:separator -->
<hr class=""wp-block-separator has-alpha-channel-opacity""/>
<!-- /wp:separator -->

<!-- wp:heading -->
<h2 class=""wp-block-heading""><strong>Comprehensive Cleanup &amp; Repair Partners</strong></h2>
<!-- /wp:heading -->

<!-- wp:paragraph -->
<p>Severe main drain backups can cause dirty wastewater to overflow into your bathrooms and living spaces, or indicate a collapsed pipe underground. Together with our sister companies, we provide a seamless, all-in-one restoration solution:</p>
<!-- /wp:paragraph -->

<!-- wp:list -->
<ul class=""wp-block-list"">
<!-- wp:list-item -->
<li><strong>Hot Water Heroes:</strong> We quickly locate the blockage, clear the lines, and repair any cracked or damaged drainage piping.</li>
<!-- /wp:list-item -->
<!-- wp:list-item -->
<li><strong>RestoWrx:</strong> If a sewage backup has occurred, our mitigation partner RestoWrx arrives instantly to perform safe, sanitary water extraction, sanitization, and mold prevention.</li>
<!-- /wp:list-item -->
<!-- wp:list-item -->
<li><strong>Spicola Construction:</strong> If clearing the drain revealed a collapsed main line requiring excavation under your yard, driveway, or flooring, Spicola Construction manages the structural restoration and concrete/landscape repairs.</li>
<!-- /wp:list-item -->
</ul>
<!-- /wp:list -->

<!-- wp:separator -->
<hr class=""wp-block-separator has-alpha-channel-opacity""/>
<!-- /wp:separator -->

<!-- wp:heading -->
<h2 class=""wp-block-heading""><strong>The Hot Water Heroes Guarantee</strong></h2>
<!-- /wp:heading -->

<!-- wp:paragraph -->
<p>With a flawless 5.0-star Google Rating and over 30 verified reviews, Hot Water Heroes Plumbing is Hillsborough, Pinellas, and Pasco counties’ premier service team. We are 100% licensed and insured, offering transparent upfront flat-rate pricing with zero hidden fees. Our emergency team is available 24/7, and we dispatch technicians to your door within 60 minutes in most cases. Contact us today for free estimates on main line restorations and enjoy free-flowing drains once again.</p>
<!-- /wp:paragraph -->",
1340,Water Heater Repair,"<!-- wp:paragraph -->
<p>A failing water heater can quickly bring your household to a halt. When you are faced with cold showers, strange noises, or pooling water around your tank, professional <strong>water heater repair</strong> is essential. Hot Water Heroes Plumbing is the leading expert in water heater diagnostics and repair across the Greater Tampa Bay area, restoring your comfort quickly and safely.</p>
<!-- /wp:paragraph -->

<!-- wp:separator -->
<hr class=""wp-block-separator has-alpha-channel-opacity""/>
<!-- /wp:separator -->

<!-- wp:heading -->
<h2 class=""wp-block-heading""><strong>Common Problems That Require Water Heater Repair</strong></h2>
<!-- /wp:heading -->

<!-- wp:paragraph -->
<p>Water heaters are complex systems that combine water pressure, electrical wiring, or gas lines. Call us immediately if you notice any of these warning signs:</p>
<!-- /wp:paragraph -->

<!-- wp:list -->
<ul class=""wp-block-list"">
<!-- wp:list-item -->
<li><strong>No Hot Water:</strong> Total failure of the heating elements, thermocouple, burner assembly, or thermostat.</li>
<!-- /wp:list-item -->
<!-- wp:list-item -->
<li><strong>Inconsistent Temperatures:</strong> Fluctuating warm and cold water caused by mineral scale buildup or damaged dip tubes.</li>
<!-- /wp:list-item -->
<!-- wp:list-item -->
<li><strong>Popping or Rumbling Noises:</strong> Heavy mineral deposits sitting at the bottom of your tank, trapping boiling water underneath.</li>
<!-- /wp:list-item -->
<!-- wp:list-item -->
<li><strong>Rusty or Smelly Water:</strong> Corrosion inside the tank or a failing anode rod, which can lead to rapid tank failure.</li>
<!-- /wp:list-item -->
<!-- wp:list-item -->
<li><strong>Water Leaking Around the Base:</strong> Active leaks from valves or a fractured inner tank lining, requiring immediate attention to prevent flooding.</li>
<!-- /wp:list-item -->
</ul>
<!-- /wp:list -->

<!-- wp:separator -->
<hr class=""wp-block-separator has-alpha-channel-opacity""/>
<!-- /wp:separator -->

<!-- wp:heading -->
<h2 class=""wp-block-heading""><strong>Professional Diagnostic &amp; OEM Repairs</strong></h2>
<!-- /wp:heading -->

<!-- wp:paragraph -->
<p>Our licensed and insured plumbing technicians travel in fully stocked trucks loaded with premium OEM replacement parts (including high-grade heating elements, thermostats, thermocouples, and pressure relief valves). We specialize in repairing all major brands—such as Rheem, Bradford White, A.O. Smith, and Lochinvar—and perform strict safety checks on all electrical and gas connections. We charge a clear diagnostic fee that is applied directly to the repair cost, maintaining our ""no surprises, no upsells"" policy.</p>
<!-- /wp:paragraph -->

<!-- wp:separator -->
<hr class=""wp-block-separator has-alpha-channel-opacity""/>
<!-- /wp:separator -->

<!-- wp:heading -->
<h2 class=""wp-block-heading""><strong>When to Repair vs. Replace Your Water Heater</strong></h2>
<!-- /wp:heading -->

<!-- wp:paragraph -->
<p>We always prioritize honesty. If your water heater is under 8 years old and the repair is simple, we will always recommend fixing it to save you money. However, if the inner tank is actively leaking, heavily corroded, or past its 10-to-12-year average lifespan, a new <strong>Water Heater Installation</strong> is often the safest and most cost-effective long-term investment. Our team provides free upfront estimates on replacements so you can make an informed decision.</p>
<!-- /wp:paragraph -->

<!-- wp:separator -->
<hr class=""wp-block-separator has-alpha-channel-opacity""/>
<!-- /wp:separator -->

<!-- wp:heading -->
<h2 class=""wp-block-heading""><strong>Tampa's 5.0-Star Water Heater Experts</strong></h2>
<!-- /wp:heading -->

<!-- wp:paragraph -->
<p>Hot Water Heroes Plumbing is proudly licensed, insured, and holds a perfect 5.0-star Google Rating with over 30 verified customer reviews. We serve Hillsborough, Pinellas, and Pasco counties with 24/7 emergency response, meaning we are available nights, weekends, and holidays to get your hot water running again. In most cases, our technicians are dispatched and arrive at your home within 60 minutes. Contact us today to schedule your repair!</p>
<!-- /wp:paragraph -->",
1666,Sewer Line Repair,"<!-- wp:paragraph -->
<p>Sewer line damage is one of the most stressful plumbing issues a homeowner can face. Cracked, collapsed, or root-invaded sewer mains lead to slow drains, sewer backups, and structural damage to your yard and foundation. Hot Water Heroes Plumbing provides high-end, reliable <strong>sewer line repair</strong> services across the Greater Tampa Bay area, utilizing advanced sewer diagnostics to resolve your problems cleanly and permanently.</p>
<!-- /wp:paragraph -->

<!-- wp:separator -->
<hr class=""wp-block-separator has-alpha-channel-opacity""/>
<!-- /wp:separator -->

<!-- wp:heading -->
<h2 class=""wp-block-heading""><strong>Common Signs of Sewer Line Problems</strong></h2>
<!-- /wp:heading -->

<!-- wp:paragraph -->
<p>Unlike regular drain clogs, sewer line failures affect your entire household. Contact us immediately if you observe these symptoms:</p>
<!-- /wp:paragraph -->

<!-- wp:list -->
<ul class=""wp-block-list"">
<!-- wp:list-item -->
<li>Multiple fixtures backing up simultaneously (e.g., flushing the toilet causes water to rise in your shower).</li>
<!-- /wp:list-item -->
<!-- wp:list-item -->
<li>A strong, persistent sewer gas odor in your home or yard.</li>
<!-- /wp:list-item -->
<li>Unusually lush, soggy, or sunken patches of grass in your yard above the sewer track.</li>
<!-- /wp:list-item -->
<li>Cracks in your foundation slab or brickwork, indicating shifting ground from an underground sewer leak.</li>
<!-- /wp:list-item -->
</ul>
<!-- /wp:list -->

<!-- wp:separator -->
<hr class=""wp-block-separator has-alpha-channel-opacity""/>
<!-- /wp:separator -->

<!-- wp:heading -->
<h2 class=""wp-block-heading""><strong>How Sewer Line Damage Is Diagnosed &amp; Repaired</strong></h2>
<!-- /wp:heading -->

<!-- wp:paragraph -->
<p>We eliminate guesswork by performing high-definition sewer camera inspections. We thread a waterproof, fiber-optic camera through your line to view the exact location and nature of the damage—whether it is tree root intrusion, bellied pipes, or a total collapse. Our repair solutions include high-durability PVC pipe replacements, localized patch repairs, and cleanout installations. Every sewer project comes with detailed, upfront flat-rate options so you can choose the best path for your budget.</p>
<!-- /wp:paragraph -->

<!-- wp:separator -->
<hr class=""wp-block-separator has-alpha-channel-opacity""/>
<!-- /wp:separator -->

<!-- wp:heading -->
<h2 class=""wp-block-heading""><strong>A Complete Restoration by Our Family of Companies</strong></h2>
<!-- /wp:heading -->

<!-- wp:paragraph -->
<p>Sewer repairs can require deep trench excavation or cause high-risk wastewater backups inside your home. Hot Water Heroes is uniquely equipped to handle every stage of this recovery through our sister companies, protecting your property and saving you time:</p>
<!-- /wp:paragraph -->

<!-- wp:list -->
<ul class=""wp-block-list"">
<!-- wp:list-item -->
<li><strong>Hot Water Heroes Plumbing:</strong> We identify the sewer breach, excavate safely, and replace the broken pipe section using heavy-duty, root-resistant materials.</li>
<!-- /wp:list-item -->
<!-- wp:list-item -->
<li><strong>RestoWrx:</strong> If the sewer line backed up into your home, our certified mitigation partner RestoWrx performs rapid biohazard cleanup, complete water extraction, disinfection, and mold remediation.</li>
<!-- /wp:list-item -->
<!-- wp:list-item -->
<li><strong>Spicola Construction:</strong> If the sewer repair required cutting through your concrete slab, driveway, or landscaping, Spicola Construction reconstructs the structural elements, pours new concrete, and restores your yard to pristine condition.</li>
<!-- /wp:list-item -->
</ul>
<!-- /wp:list -->

<!-- wp:separator -->
<hr class=""wp-block-separator has-alpha-channel-opacity""/>
<!-- /wp:separator -->

<!-- wp:heading -->
<h2 class=""wp-block-heading""><strong>Why Choose Tampa Bay's Sewer Specialists?</strong></h2>
<!-- /wp:heading -->

<!-- wp:paragraph -->
<p>Hot Water Heroes Plumbing is a fully licensed and insured contractor holding a perfect 5.0-star Google Rating. We serve Hillsborough, Pinellas, and Pasco counties with 24/7 emergency response and free upfront estimates on major sewer line replacements. We stand behind our work with industry-leading warranties and a dedication to protecting your home. Contact us today to schedule your sewer camera inspection.</p>
<!-- /wp:paragraph -->",
1667,Water Heater Installation,"<!-- wp:paragraph -->
<p>Upgrading your home’s water heater is one of the most impactful investments you can make in your daily comfort and energy efficiency. Whether your old unit has failed, is leaking, or you want to lower your monthly utility bills, professional <strong>water heater installation</strong> ensures a safe, code-compliant setup. Hot Water Heroes Plumbing provides high-end tank water heater installation services throughout the Greater Tampa Bay area.</p>
<!-- /wp:paragraph -->

<!-- wp:separator -->
<hr class=""wp-block-separator has-alpha-channel-opacity""/>
<!-- /wp:separator -->

<!-- wp:heading -->
<h2 class=""wp-block-heading""><strong>When Is It Time to Install a New Water Heater?</strong></h2>
<!-- /wp:heading -->

<!-- wp:paragraph -->
<p>Most residential tank water heaters have a reliable lifespan of 8 to 12 years. You should consider a new installation if you experience:</p>
<!-- /wp:paragraph -->

<!-- wp:list -->
<ul class=""wp-block-list"">
<!-- wp:list-item -->
<li><strong>Active Tank Leaks:</strong> Rust or water pooling around the base of the heater, indicating that the inner steel tank has fractured and cannot be repaired.</li>
<!-- /wp:list-item -->
<!-- wp:list-item -->
<li><strong>Age:</strong> Your water heater is past 10 years old, meaning it is operating at reduced efficiency and is at risk of sudden failure.</li>
<!-- /wp:list-item -->
<!-- wp:list-item -->
<li><strong>Frequent Repairs:</strong> Repair costs are mounting, and investing in a new system with a full manufacturer warranty makes better financial sense.</li>
<!-- /wp:list-item -->
<!-- wp:list-item -->
<li><strong>Running Out of Hot Water:</strong> Your family has outgrown your current tank’s capacity, and you need a larger unit to keep up with demand.</li>
<!-- /wp:list-item -->
</ul>
<!-- /wp:list -->

<!-- wp:separator -->
<hr class=""wp-block-separator has-alpha-channel-opacity""/>
<!-- /wp:separator -->

<!-- wp:heading -->
<h2 class=""wp-block-heading""><strong>Our Premium Sizing &amp; Installation Process</strong></h2>
<!-- /wp:heading -->

<!-- wp:paragraph -->
<p>Installing a water heater requires precise integration with water lines, electrical circuits, and gas venting. Our licensed and insured plumbers manage the entire process, including:</p>
<!-- /wp:paragraph -->

<!-- wp:list -->
<ul class=""wp-block-list"">
<!-- wp:list-item -->
<li><strong>Professional Sizing:</strong> We calculate your household’s peak water usage to recommend the perfect tank size (typically 40, 50, or 80 gallons) to ensure you never run out of hot water.</li>
<!-- /wp:list-item -->
<!-- wp:list-item -->
<li><strong>Premium Equipment:</strong> We install top-tier, energy-efficient models from trusted brands like Rheem and Bradford White, featuring heavy-duty anode rods and advanced brass drain valves.</li>
<!-- /wp:list-item -->
<!-- wp:list-item -->
<li><strong>Full Code Compliance:</strong> We install thermal expansion tanks, new pressure relief valves, code-approved shutoffs, and secure electrical/gas lines to meet all local Florida building codes.</li>
<!-- /wp:list-item -->
<!-- wp:list-item -->
<li><strong>Eco-Friendly Disposal:</strong> We haul away and responsibly recycle your old water heater at no extra charge.</li>
<!-- /wp:list-item -->
</ul>
<!-- /wp:list -->

<!-- wp:separator -->
<hr class=""wp-block-separator has-alpha-channel-opacity""/>
<!-- /wp:separator -->

<!-- wp:heading -->
<h2 class=""wp-block-heading""><strong>Why Choose Tampa Bay's Top-Rated Installers?</strong></h2>
<!-- /wp:heading -->

<!-- wp:paragraph -->
<p>Hot Water Heroes Plumbing holds a perfect 5.0-star Google Rating with over 30 verified reviews because we do not cut corners. We are 100% licensed and insured, serving Hillsborough, Pinellas, and Pasco counties. We offer completely free upfront estimates on all new water heater installations with flat-rate pricing and no hidden fees. Plus, our same-day service ensures you won’t have to live without hot water. Contact us today to schedule your free estimate!</p>
<!-- /wp:paragraph -->",
1668,Leak Detection &amp; Repair,"<!-- wp:paragraph -->
<p>A hidden water leak is a silent threat to your home’s structural foundation, health, and monthly budget. If you suspect an active leak behind your walls, under your hardwood floors, or beneath your concrete slab, professional <strong>leak detection and repair</strong> is critical. Hot Water Heroes Plumbing combines cutting-edge diagnostic technology with rapid, permanent repair solutions to protect your home throughout the Greater Tampa Bay area.</p>
<!-- /wp:paragraph -->

<!-- wp:separator -->
<hr class=""wp-block-separator has-alpha-channel-opacity""/>
<!-- /wp:separator -->

<!-- wp:heading -->
<h2 class=""wp-block-heading""><strong>Common Signs of a Hidden Plumbing Leak</strong></h2>
<!-- /wp:heading -->

<!-- wp:paragraph -->
<p>Because most water lines are concealed, leaks can go unnoticed for months. Watch closely for these telltale warning signs:</p>
<!-- /wp:paragraph -->

<!-- wp:list -->
<ul class=""wp-block-list"">
<!-- wp:list-item -->
<li>A sudden, unexplained rise in your monthly water utility bill.</li>
<!-- /wp:list-item -->
<!-- wp:list-item -->
<li>Damp, discolored, or peeling patches on your drywall, baseboards, or ceilings.</li>
<!-- /wp:list-item -->
<!-- wp:list-item -->
<li>Warping, buckling, or soft spots in hardwood or vinyl flooring.</li>
<!-- /wp:list-item -->
<!-- wp:list-item -->
<li>A persistent, musty odor that indicates mold growth behind wall cavities.</li>
<!-- /wp:list-item -->
<!-- wp:list-item -->
<li>A water meter dial that keeps spinning even when all valves in your home are shut off.</li>
<!-- /wp:list-item -->
</ul>
<!-- /wp:list -->

<!-- wp:separator -->
<hr class=""wp-block-separator has-alpha-channel-opacity""/>
<!-- /wp:separator -->

<!-- wp:heading -->
<h2 class=""wp-block-heading""><strong>Our State-of-the-Art Detection &amp; Repair Approach</strong></h2>
<!-- /wp:heading -->

<!-- wp:paragraph -->
<p>We do not believe in destructive trial-and-error searching. Our certified, licensed plumbers utilize advanced non-invasive leak detection technology to locate the breach without damaging your home. Once we pinpoint the source, we present you with upfront flat-rate options for immediate repair:</p>
<!-- /wp:paragraph -->

<!-- wp:list -->
<ul class=""wp-block-list"">
<!-- wp:list-item -->
<li><strong>Infrared Thermal Imaging:</strong> Detecting temperature variances caused by hidden moisture behind walls and floors to track leaks to their origin.</li>
<!-- /wp:list-item -->
<!-- wp:list-item -->
<li><strong>Acoustic Listening Devices:</strong> Using specialized ground microphones to hear the high-frequency vibrations of water escaping from pressurized underground pipes.</li>
<!-- /wp:list-item -->
<li><strong>Digital Pressure Testing:</strong> Measuring pressure drops across plumbing zones to isolate the leaking line.</li>
<!-- /wp:list-item -->
<li><strong>Surgical Pipe Repair:</strong> Carefully accessing and repairing the compromised pipe section with highly durable materials, restoring full water pressure.</li>
<!-- /wp:list-item -->
</ul>
<!-- /wp:list -->

<!-- wp:separator -->
<hr class=""wp-block-separator has-alpha-channel-opacity""/>
<!-- /wp:separator -->

<!-- wp:heading -->
<h2 class=""wp-block-heading""><strong>Stopping Leaks and Restoring Homes as One Family</strong></h2>
<!-- /wp:heading -->

<!-- wp:paragraph -->
<p>When a leak has caused structural moisture or mold, resolving the plumbing pipe is only the first step. Hot Water Heroes coordinates with our sister companies to provide a complete, worry-free home recovery from start to finish:</p>
<!-- /wp:paragraph -->

<!-- wp:list -->
<ul class=""wp-block-list"">
<!-- wp:list-item -->
<li><strong>Hot Water Heroes Plumbing:</strong> We locate and permanently seal the leak, guaranteeing a solid, pressure-tested pipe repair.</li>
<!-- /wp:list-item -->
<!-- wp:list-item -->
<li><strong>RestoWrx:</strong> If water has soaked into your walls, cabinets, or flooring, RestoWrx deploys industrial-grade dehumidifiers and air movers to completely dry the space and eliminate mold risks.</li>
<!-- /wp:list-item -->
<li><strong>Spicola Construction:</strong> Our general contracting partner Spicola Construction takes over to seamlessly patch drywall, repair flooring, and remodel the area back to its original beauty.</li>
<!-- /wp:list-item -->
</ul>
<!-- /wp:list -->

<!-- wp:separator -->
<hr class=""wp-block-separator has-alpha-channel-opacity""/>
<!-- /wp:separator -->

<!-- wp:heading -->
<h2 class=""wp-block-heading""><strong>Why Choose Hot Water Heroes?</strong></h2>
<!-- /wp:heading -->

<!-- wp:paragraph -->
<p>With a perfect 5.0-star Google Rating and over 30 reviews, Hot Water Heroes Plumbing is Tampa’s most trusted plumbing specialist. We are 100% licensed and insured in Hillsborough, Pinellas, and Pasco counties, and offer 24/7 emergency response with dispatch times under 60 minutes in most cases. All repairs are backed by our honest pricing guarantee—no upsells and no surprises. Contact us today for a professional leak detection inspection.</p>
<!-- /wp:paragraph -->",
1669,Tankless Water Heater Repair,"<!-- wp:paragraph -->
<p>Tankless water heaters are highly sophisticated, energy-efficient appliances that deliver endless hot water on demand. However, when mineral scale buildup, ignition failures, or sensor faults disrupt their operation, you need a specialist. Hot Water Heroes Plumbing provides high-end <strong>tankless water heater repair</strong> services across the Greater Tampa Bay area, utilizing factory-trained diagnostics to restore your endless hot water quickly.</p>
<!-- /wp:paragraph -->

<!-- wp:separator -->
<hr class=""wp-block-separator has-alpha-channel-opacity""/>
<!-- /wp:separator -->

<!-- wp:heading -->
<h2 class=""wp-block-heading""><strong>Common Problems That Affect Tankless Water Heaters</strong></h2>
<!-- /wp:heading -->

<!-- wp:paragraph -->
<p>Because tankless systems rely on complex computer boards, water flow sensors, and gas burners, issues present themselves differently than in traditional tank systems. Call us if you encounter:</p>
<!-- /wp:paragraph -->

<!-- wp:list -->
<ul class=""wp-block-list"">
<!-- wp:list-item -->
<li><strong>System Error Codes:</strong> Numeric codes flashing on your digital display panel indicating ignition failure, venting blockages, or sensor errors.</li>
<!-- /wp:list-item -->
<!-- wp:list-item -->
<li><strong>""Cold Water Sandwich"" Effect:</strong> Brief bursts of cold water during consecutive showers, indicating flow sensor malfunctions or heavy mineral scale accumulation.</li>
<!-- /wp:list-item -->
<!-- wp:list-item -->
<li><strong>Mineral Scale Buildup:</strong> Hard Florida water leaving calcium scale inside the copper heat exchanger, choking water flow and causing the system to overheat and shut down.</li>
<!-- /wp:list-item -->
<!-- wp:list-item -->
<li><strong>Ignition or Flame Failures:</strong> Gas burner issues, faulty igniters, or electrical connection faults that prevent water from heating.</li>
<!-- /wp:list-item -->
</ul>
<!-- /wp:list -->

<!-- wp:separator -->
<hr class=""wp-block-separator has-alpha-channel-opacity""/>
<!-- /wp:separator -->

<!-- wp:heading -->
<h2 class=""wp-block-heading""><strong>Specialized Diagnostics &amp; Scale Flushing</strong></h2>
<!-- /wp:heading -->

<!-- wp:paragraph -->
<p>Our licensed and insured plumbing specialists are factory-trained to service all major tankless brands, including Rinnai, Navien, Noritz, Rheem, and Bosch. Our repair services include specialized scale descaling flushes using food-grade solutions to clean the heat exchanger, replacing faulty flow sensors or control boards, and clearing intake and exhaust vents. We provide clear, upfront flat-rate pricing on all repairs with a strict ""honesty first"" guarantee—we will never recommend replacing a repairable unit.</p>
<!-- /wp:paragraph -->

<!-- wp:separator -->
<hr class=""wp-block-separator has-alpha-channel-opacity""/>
<!-- /wp:separator -->

<!-- wp:heading -->
<h2 class=""wp-block-heading""><strong>Why Choose Tampa Bay's Tankless Experts?</strong></h2>
<!-- /wp:heading -->

<!-- wp:paragraph -->
<p>Hot Water Heroes Plumbing holds a 5.0-star Google Rating with over 30 verified reviews because we deliver exceptional technical service and customer care. We serve Hillsborough, Pinellas, and Pasco counties with 24/7 emergency response, ensuring that you don’t have to suffer through cold showers. In most cases, we dispatch a tankless expert to your home within 60 minutes. Contact us today for a free upfront estimate on major repairs and replacements!</p>
<!-- /wp:paragraph -->",
1670,Water Heater Maintenance,"<!-- wp:paragraph -->
<p>Routine <strong>water heater maintenance</strong> is the single most effective way to protect your investment, ensure consistent hot water, and lower your monthly energy bills. Over time, hard Florida water deposits calcium and sediment inside your water heater, reducing its heating efficiency and causing premature tank failure. Hot Water Heroes Plumbing provides high-end water heater maintenance services across the Greater Tampa Bay area.</p>
<!-- /wp:paragraph -->

<!-- wp:separator -->
<hr class=""wp-block-separator has-alpha-channel-opacity""/>
<!-- /wp:separator -->

<!-- wp:heading -->
<h2 class=""wp-block-heading""><strong>Why Regular Water Heater Maintenance Matters</strong></h2>
<!-- /wp:heading -->

<!-- wp:paragraph -->
<p>Neglecting your water heater can lead to unexpected cold showers, high utility bills, and catastrophic tank bursts. Investing in annual professional maintenance provides massive benefits:</p>
<!-- /wp:paragraph -->

<!-- wp:list -->
<ul class=""wp-block-list"">
<!-- wp:list-item -->
<li><strong>Doubles System Lifespan:</strong> Flushing out abrasive sediment prevents corrosion and overheating, extending your system’s life up to 15 years.</li>
<!-- /wp:list-item -->
<!-- wp:list-item -->
<li><strong>Restores Energy Efficiency:</strong> Cleaning sediment off heating elements and gas burners ensures faster heating times and lower electricity or gas usage.</li>
<!-- /wp:list-item -->
<li><strong>Prevents Major Flooding:</strong> Inspecting safety valves and checking for weak spots stops leaks before they cause major property damage.</li>
<!-- /wp:list-item -->
<li><strong>Maintains Manufacturer Warranties:</strong> Many major manufacturers require documented annual professional maintenance to keep your warranty valid.</li>
<!-- /wp:list-item -->
</ul>
<!-- /wp:list -->

<!-- wp:separator -->
<hr class=""wp-block-separator has-alpha-channel-opacity""/>
<!-- /wp:separator -->

<!-- wp:heading -->
<h2 class=""wp-block-heading""><strong>What Is Included in Our Professional Maintenance Check?</strong></h2>
<!-- /wp:heading -->

<!-- wp:paragraph -->
<p>Our licensed and insured plumbing specialists perform a comprehensive multi-point maintenance service on both tank and tankless systems, including:</p>
<!-- /wp:paragraph -->

<!-- wp:list -->
<ul class=""wp-block-list"">
<!-- wp:list-item -->
<li><strong>Full System Flush:</strong> Draining and flushing the tank to remove accumulated sediment, calcium scale, and rust particles.</li>
<!-- /wp:list-item -->
<!-- wp:list-item -->
<li><strong>Anode Rod Inspection:</strong> Checking the sacrificial anode rod—your heater’s primary defense against tank corrosion—and replacing it if it has depleted.</li>
<!-- /wp:list-item -->
<!-- wp:list-item -->
<li><strong>Safety Valve Testing:</strong> Verifying the correct operation of the Temperature and Pressure Relief (T&amp;P) valve to prevent pressure buildup.</li>
<!-- /wp:list-item -->
<!-- wp:list-item -->
<li><strong>Electrical &amp; Gas Safety Checks:</strong> Inspecting thermostats, heating elements, burners, and wiring connections for signs of wear or hazard.</li>
<!-- /wp:list-item -->
</ul>
<!-- /wp:list -->

<!-- wp:separator -->
<hr class=""wp-block-separator has-alpha-channel-opacity""/>
<!-- /wp:separator -->

<!-- wp:heading -->
<h2 class=""wp-block-heading""><strong>Tampa Bay's Trusted Maintenance Partners</strong></h2>
<!-- /wp:heading -->

<!-- wp:paragraph -->
<p>Hot Water Heroes Plumbing holds a flawless 5.0-star Google Rating and is dedicated to keeping your home running smoothly. We serve Hillsborough, Pinellas, and Pasco counties with flat-rate, transparent pricing and an absolute ""no upsells"" policy—if your system is in perfect shape, we'll tell you! Protect your hot water and schedule your annual water heater maintenance with our licensed heroes today.</p>
<!-- /wp:paragraph -->",
3061,Water Filtration,"<h2>Water Filtration Services in Tampa, FL</h2>

<p>Tampa's municipal water supply is safe to drink, but that doesn't mean it's free of issues. Hard water minerals, chlorine taste, sediment, and trace contaminants are common concerns across Hillsborough County. Professional <strong>water filtration Tampa</strong> services from Hot Water Heroes Plumbing help homeowners enjoy cleaner, better-tasting water while protecting their plumbing and appliances from mineral damage.</p>

<p>Whether you're dealing with hard water scale, unpleasant taste or odor, or want an extra layer of protection for your family, a properly sized and installed filtration system makes a measurable difference in water quality and appliance longevity.</p>

<hr />

<h2><strong>Why Tampa Homes Need Water Filtration</strong></h2>

<p>Tampa Bay's water is known for high mineral content — calcium and magnesium levels that cause hard water buildup throughout your plumbing system. This mineral-rich water leaves white scale on fixtures, clogs water heater elements, reduces soap efficiency, and shortens the lifespan of dishwashers and washing machines. Coastal salt air compounds the problem by accelerating corrosion on exposed plumbing components.</p>

<p>Common water quality concerns in Tampa homes include:</p>

<ul>
<li>Hard water deposits causing scale buildup in pipes and on fixtures</li>
<li>Chlorine taste and odor from municipal water treatment</li>
<li>Sediment and particulates from aging water infrastructure</li>
<li>Iron and manganese causing rust-colored staining on sinks and laundry</li>
<li>Concern about lead, PFAS, or other trace contaminants in older neighborhoods</li>
</ul>

<p>Addressing these issues with a professional filtration system protects your family's health, extends the life of your plumbing and appliances, and improves the taste and clarity of every tap in your home.</p>

<hr />

<h2><strong>Types of Water Filtration Systems We Install</strong></h2>

<p>Not every home needs the same solution. Our licensed technicians evaluate your water quality, household size, and plumbing configuration to recommend the right system. We install and service the following types of <strong>water filtration systems in Tampa</strong>:</p>

<ul>
<li><strong>Whole-house water filters:</strong> Installed at the main water line to filter every tap, shower, and appliance in your home. Removes sediment, chlorine, and particulates before water enters your plumbing.</li>
<li><strong>Water softeners:</strong> Ion-exchange systems that remove calcium and magnesium to eliminate hard water scale. Essential for protecting water heaters, dishwashers, and fixtures in Tampa's hard water areas.</li>
<li><strong>Reverse osmosis (RO) systems:</strong> Point-of-use systems typically installed under the kitchen sink for high-purity drinking water. Removes up to 99% of dissolved contaminants including lead, fluoride, and PFAS.</li>
<li><strong>Carbon filtration systems:</strong> Effective for removing chlorine taste and odor, organic compounds, and improving overall water taste throughout your home.</li>
<li><strong>UV water purification:</strong> Uses ultraviolet light to kill bacteria and viruses without chemicals. Ideal as a supplemental system for homes with well water or additional safety concerns.</li>
</ul>

<p>Each system is sized to match your household's water usage and installed with proper bypass valves and connections for easy maintenance.</p>

<hr />

<h2><strong>How Water Filtration Protects Your Plumbing</strong></h2>

<p>Water filtration isn't just about drinking water — it's about protecting your entire plumbing system. In Tampa, hard water is the number one cause of premature water heater failure, clogged fixtures, and reduced appliance efficiency. A properly installed water softener or whole-house filter directly extends the life of your plumbing investment.</p>

<p>Homes with water filtration systems typically experience fewer calls for <strong>Water Heater Repair</strong> and <strong>Pipe Repair</strong> because mineral buildup is dramatically reduced. Scale-free pipes maintain better water pressure, heating elements last longer, and fixtures stay cleaner with less maintenance.</p>

<p>For homes already experiencing hard water damage, we may recommend combining filtration installation with <strong>Drain Cleaning</strong> or <strong>Water Heater Maintenance</strong> to remove existing buildup and maximize the benefit of the new system.</p>

<hr />

<h2><strong>Water Filtration Costs in Tampa</strong></h2>

<p>The cost of <strong>water filtration Tampa</strong> homeowners experience depends on the type of system, home size, and installation complexity. Typical local price ranges include:</p>

<ul>
<li><strong>Whole-house carbon filter:</strong> $800–$2,000 installed</li>
<li><strong>Water softener system:</strong> $1,200–$3,500 installed, depending on capacity and brand</li>
<li><strong>Reverse osmosis (under-sink):</strong> $300–$800 installed</li>
<li><strong>Whole-house combination systems (softener + filter):</strong> $2,000–$5,000 installed</li>
</ul>

<p>These Tampa-area estimates include equipment, installation labor, and basic plumbing connections. Homes with older plumbing, non-standard pipe sizes, or well water may require additional work. We provide clear, written estimates before any work begins so you can make an informed decision.</p>

<p>Compared to the ongoing cost of replacing scale-damaged water heaters, corroded fixtures, and higher energy bills from mineral-clogged systems, water filtration typically pays for itself within 2–4 years for most Tampa homeowners.</p>

<hr />

<h2><strong>Our Water Filtration Process</strong></h2>

<p>Professional water filtration installation from Hot Water Heroes follows a straightforward process designed for lasting results:</p>

<ol>
<li><strong>Water Quality Assessment:</strong> We test your water for hardness, chlorine, sediment, pH, and other relevant factors to determine exactly what needs to be filtered.</li>
<li><strong>System Recommendation:</strong> Based on your water quality, household size, budget, and goals, we recommend the right system — not the most expensive one.</li>
<li><strong>Professional Installation:</strong> Licensed technicians install the system with proper connections, bypass valves, and drainage. Everything meets local plumbing codes.</li>
<li><strong>Testing &amp; Walkthrough:</strong> After installation, we test water quality to confirm the system is working correctly and walk you through basic maintenance and filter replacement schedules.</li>
</ol>

<p>Our technicians are licensed and insured, and we provide transparent pricing with no hidden fees. Every installation includes a clear maintenance schedule so you know exactly when filters need changing.</p>

<hr />

<h2><strong>When to Consider Water Filtration</strong></h2>

<p>Consider water filtration if you notice white scale on fixtures and shower doors, soap that doesn't lather well, dry skin and hair after showering, a chlorine smell from tap water, or if you're installing a new water heater and want to protect the investment. Tampa homeowners who install filtration before or alongside a new <strong>Water Heater Installation</strong> often see the best long-term value, as the softened water dramatically extends system lifespan.</p>

<hr />

<h2><strong>Schedule Your Free Water Quality Assessment</strong></h2>

<p>Ready to improve your home's water quality? Hot Water Heroes Plumbing offers professional water filtration installation throughout Tampa and the greater Tampa Bay area. Our licensed, insured technicians provide honest recommendations, clear pricing, and same-day consultations when available.</p>

<p>Call Hot Water Heroes today at <strong>813-42-PLUMB</strong> for a water quality assessment and find out which filtration system is right for your home. Cleaner water, protected plumbing, and better-tasting water from every tap — that's what we deliver.</p>

<h2>Frequently Asked Questions</h2>

<p><strong>Q: Do I need a water softener if I have city water in Tampa?</strong><br/>A: Yes — Tampa's municipal water is hard (averaging 15–20 grains per gallon in many areas). A softener prevents scale damage to water heaters, pipes, and appliances.</p>

<p><strong>Q: How often do water filters need to be replaced?</strong><br/>A: Most whole-house filters need replacement every 3–6 months. Softener resin lasts 10–15 years. RO membranes last 2–3 years. We provide a maintenance schedule with every installation.</p>

<p><strong>Q: Will a water softener affect my water heater?</strong><br/>A: Positively — softened water reduces scale buildup on heating elements and inside tanks, extending water heater lifespan by 2–4 years on average.</p>

<p><strong>Q: Can you install a filtration system on an older Tampa home?</strong><br/>A: Yes. We work with all pipe types and configurations. Older homes may need minor plumbing adjustments, which we include in our upfront estimate.</p>

<p><strong>Q: Do you offer same-day installation?</strong><br/>A: We offer same-day consultations and can often complete installation within 1–2 business days depending on system type and parts availability.</p>

<script type=""application/ld+json"">{""@context"":""https://schema.org"",""@type"":""FAQPage"",""mainEntity"":[{""@type"":""Question"",""name"":""Do I need a water softener if I have city water in Tampa?"",""acceptedAnswer"":{""@type"":""Answer"",""text"":""Yes — Tampa's municipal water is hard, averaging 15–20 grains per gallon in many areas. A softener prevents scale damage to water heaters, pipes, and appliances.""}},{""@type"":""Question"",""name"":""How often do water filters need to be replaced?"",""acceptedAnswer"":{""@type"":""Answer"",""text"":""Most whole-house filters need replacement every 3–6 months. Softener resin lasts 10–15 years. RO membranes last 2–3 years.""}},{""@type"":""Question"",""name"":""Will a water softener affect my water heater?"",""acceptedAnswer"":{""@type"":""Answer"",""text"":""Positively — softened water reduces scale buildup on heating elements and inside tanks, extending water heater lifespan by 2–4 years on average.""}},{""@type"":""Question"",""name"":""Can you install a filtration system on an older Tampa home?"",""acceptedAnswer"":{""@type"":""Answer"",""text"":""Yes. We work with all pipe types and configurations. Older homes may need minor plumbing adjustments, included in our upfront estimate.""}},{""@type"":""Question"",""name"":""Do you offer same-day installation?"",""acceptedAnswer"":{""@type"":""Answer"",""text"":""We offer same-day consultations and can often complete installation within 1–2 business days depending on system type and parts availability.""}}]}</script>",
